"","LN.T1","LC.T1","LC.1","LC.100","LC.12","LC.16","LC.18","LC.19","LC.2","LC.20","LC.22","LC.24","LC.25","LC.26","LC.29","LC.3","LC.30","LC.31","LC.36","LC.37","LC.40","LC.41","LC.43","LC.44","LC.45","LC.47","LC.48","LC.49","LC.5","LC.50","LC.52","LC.54","LC.56","LC.6","LC.60","LC.61","LC.63","LC.66","LC.69","LC.7","LC.70","LC.72","LC.73","LC.74","LC.76","LC.78","LC.79","LC.8","LC.80","LC.82","LC.86","LC.87","LC.88","LC.89","LC.9","LC.90","LC.91","LC.93","LC.94","LC.97"
"1,109658366,1,G/T",0,0,0,NA,NA,1,NA,1,NA,NA,NA,0,1,0,NA,0,NA,NA,0,1,0,NA,NA,0,NA,0,NA,0,NA,0,0,0,NA,NA,0,NA,0,NA,1,NA,0,0,NA,NA,NA,0,NA,NA,0,NA,NA,NA,NA,NA,0,NA,1,NA,NA,NA
"1,11657832,1,A/C",0,1,NA,1,1,1,NA,NA,NA,NA,0,NA,0,NA,1,1,NA,NA,NA,NA,1,NA,0,NA,1,1,1,1,0,0,1,1,1,1,1,1,1,1,NA,1,NA,1,1,1,NA,NA,1,NA,NA,1,1,1,NA,1,NA,NA,NA,0,1,0
"1,116944223,1,C/A",0,1,0,0,0,0,NA,NA,NA,NA,0,1,0,0,1,NA,1,NA,1,1,0,NA,0,NA,1,1,NA,0,1,1,1,0,0,1,1,1,1,NA,NA,NA,NA,1,NA,1,0,1,1,NA,NA,1,NA,1,NA,1,NA,NA,NA,0,0,0
"1,116948115,1,C/G",0,0,0,0,0,0,NA,NA,0,NA,0,0,0,0,0,0,NA,NA,1,NA,0,0,1,0,NA,1,NA,0,1,NA,1,0,0,1,0,NA,NA,NA,0,NA,0,1,NA,NA,0,1,NA,NA,0,0,1,1,NA,NA,NA,NA,0,0,0,0
"1,11728503,1,T/C",0,0,0,NA,0,NA,0,NA,NA,0,NA,0,1,0,0,0,NA,0,NA,0,NA,0,0,NA,0,0,0,0,1,0,0,0,0,0,0,0,0,0,0,NA,0,NA,NA,0,0,0,0,0,0,0,0,NA,NA,NA,NA,1,1,NA,1,0
"1,12550775,1,C/T",0,1,NA,NA,NA,NA,NA,NA,1,NA,1,NA,NA,NA,NA,NA,NA,0,1,NA,0,NA,1,0,1,NA,NA,1,NA,NA,1,NA,NA,NA,NA,NA,0,NA,0,1,NA,1,NA,NA,NA,NA,NA,NA,1,NA,0,NA,NA,NA,NA,1,1,NA,1,NA
"1,12776525,1,T/C",0,NA,1,NA,0,NA,NA,0,0,NA,0,0,0,NA,0,NA,1,0,0,0,0,0,NA,0,1,0,0,NA,0,0,NA,0,NA,0,0,NA,0,NA,NA,NA,NA,0,NA,0,NA,1,0,0,0,NA,0,NA,0,NA,1,0,0,0,0,1
"1,12829786,1,T/A",0,1,1,0,0,0,0,0,0,1,NA,0,0,0,1,0,0,0,NA,0,NA,NA,NA,0,1,0,0,0,NA,0,0,0,NA,0,0,1,0,0,1,NA,NA,1,0,NA,0,1,0,NA,1,0,0,NA,NA,NA,NA,NA,0,0,1,0
"1,143666645,1,A/G",0,NA,NA,NA,NA,NA,NA,0,NA,NA,NA,NA,NA,NA,NA,NA,1,NA,NA,NA,0,NA,0,NA,1,0,NA,NA,1,NA,NA,NA,1,1,NA,0,NA,NA,NA,0,0,NA,0,1,0,0,NA,NA,0,0,1,NA,0,NA,0,NA,NA,NA,1,1
"1,144768508,1,A/C",0,1,NA,1,NA,0,NA,NA,NA,0,0,0,1,NA,1,1,1,0,0,1,1,0,0,1,1,1,0,1,0,1,0,NA,1,NA,NA,0,1,1,1,NA,0,NA,NA,0,0,NA,0,NA,0,0,0,0,NA,1,0,NA,0,NA,0,0
"1,145232078,1,C/G",0,1,1,1,1,1,NA,NA,NA,NA,1,NA,0,NA,NA,NA,NA,NA,NA,NA,0,NA,NA,NA,NA,NA,1,0,0,1,NA,1,1,NA,NA,NA,NA,1,NA,NA,NA,1,NA,1,NA,NA,1,NA,NA,NA,1,NA,NA,NA,NA,1,NA,NA,NA,NA
"1,145233686,1,A/G",0,1,1,1,NA,NA,NA,NA,NA,NA,NA,NA,0,NA,NA,NA,1,NA,NA,NA,NA,NA,NA,NA,NA,NA,NA,NA,NA,NA,1,NA,NA,NA,1,NA,NA,NA,NA,NA,NA,1,NA,NA,NA,NA,NA,NA,NA,NA,NA,NA,NA,NA,NA,0,1,NA,NA,NA
"1,146477671,1,C/T",0,0,NA,0,0,0,0,NA,0,0,0,0,0,0,0,0,NA,0,1,NA,0,NA,0,0,0,0,0,0,NA,0,0,0,0,1,0,0,0,NA,0,0,1,0,0,0,0,0,0,0,1,0,0,1,0,0,NA,0,1,NA,0,NA
"1,146846170,1,C/G",0,0,0,0,1,0,NA,0,NA,NA,NA,NA,0,NA,0,NA,NA,0,0,NA,0,0,0,0,0,0,1,0,NA,NA,1,0,0,NA,0,0,0,NA,NA,NA,NA,0,NA,1,0,1,NA,NA,1,NA,0,NA,0,NA,NA,NA,0,1,0,1
"1,146846198,1,C/G",0,0,0,0,1,0,NA,0,NA,NA,NA,0,0,NA,0,NA,NA,NA,0,NA,0,0,0,0,0,0,NA,0,NA,NA,1,0,0,0,0,0,0,0,0,NA,NA,0,NA,1,0,NA,NA,NA,1,NA,0,0,0,NA,NA,NA,0,1,0,1
"1,146846205,1,G/T",0,NA,0,0,1,0,NA,0,NA,NA,NA,1,0,NA,0,NA,NA,NA,0,NA,0,0,0,0,NA,0,NA,0,NA,NA,1,NA,0,0,0,NA,0,0,NA,NA,NA,0,NA,1,0,NA,NA,NA,1,1,0,0,0,NA,NA,NA,NA,NA,0,1
"1,146846260,1,T/C",0,0,0,0,0,0,NA,NA,NA,0,NA,0,0,NA,0,0,NA,NA,NA,NA,NA,0,0,NA,0,NA,0,0,0,NA,0,0,1,0,NA,NA,0,0,0,NA,0,0,0,0,1,0,NA,NA,NA,NA,0,0,1,NA,NA,0,1,0,1,NA
"1,147021376,1,T/C",0,0,0,1,NA,0,NA,0,NA,1,0,1,1,1,0,1,0,1,0,0,1,0,NA,1,0,NA,1,0,0,1,1,1,1,0,NA,1,0,1,0,0,0,0,1,1,0,1,1,0,0,1,1,NA,NA,0,NA,0,0,0,NA,0
"1,151854903,1,A/G",0,1,NA,1,NA,NA,NA,NA,NA,NA,1,NA,NA,NA,NA,NA,NA,NA,NA,NA,NA,NA,NA,1,NA,NA,NA,NA,NA,0,1,1,NA,NA,1,NA,1,NA,NA,NA,1,NA,NA,NA,NA,NA,1,NA,1,NA,0,NA,NA,NA,NA,NA,NA,NA,1,NA
"1,151869485,1,C/G",0,1,0,1,NA,1,NA,NA,NA,NA,NA,NA,NA,NA,NA,NA,NA,NA,1,NA,NA,NA,NA,1,NA,NA,NA,NA,NA,0,NA,1,NA,NA,NA,NA,1,NA,NA,NA,NA,1,NA,NA,NA,NA,NA,NA,1,1,NA,NA,NA,NA,NA,NA,NA,NA,1,NA
"1,152561280,1,C/T",0,1,1,NA,0,NA,NA,NA,NA,NA,NA,NA,NA,1,NA,NA,NA,0,NA,1,NA,NA,0,NA,1,NA,NA,1,1,NA,1,1,NA,NA,1,NA,0,1,1,NA,NA,1,NA,1,0,NA,1,NA,0,1,NA,NA,NA,NA,NA,NA,NA,NA,1,NA
"1,152780955,1,A/C",0,1,NA,NA,NA,NA,1,NA,NA,1,0,NA,NA,NA,NA,NA,NA,NA,NA,NA,1,NA,NA,NA,NA,NA,NA,1,NA,NA,NA,NA,NA,NA,NA,NA,NA,NA,NA,NA,NA,1,NA,NA,1,0,1,NA,NA,NA,1,NA,NA,NA,NA,NA,NA,NA,0,NA
"1,154973183,1,G/C",0,1,NA,1,NA,1,NA,NA,NA,NA,1,0,NA,1,1,0,NA,NA,NA,1,1,NA,NA,1,NA,1,1,1,NA,0,1,1,1,NA,1,1,1,1,1,NA,NA,1,1,NA,NA,0,1,1,1,0,1,1,1,NA,NA,NA,NA,1,1,1
"1,154974321,1,G/A",0,1,NA,1,NA,NA,NA,NA,NA,NA,NA,0,NA,1,NA,0,1,NA,NA,NA,1,1,1,1,0,NA,NA,1,NA,NA,1,1,1,NA,1,1,1,1,1,NA,NA,NA,NA,0,NA,0,NA,1,NA,0,1,NA,1,NA,NA,NA,NA,1,1,1
"1,155082545,1,C/T",0,1,0,1,NA,NA,NA,NA,NA,1,NA,NA,NA,1,NA,NA,NA,NA,NA,1,NA,NA,NA,0,NA,1,NA,1,NA,NA,0,1,1,NA,1,1,1,NA,0,0,NA,0,NA,1,NA,NA,1,NA,NA,1,1,NA,NA,NA,NA,NA,NA,NA,1,NA
"1,155110166,1,A/G",0,1,NA,1,NA,1,NA,1,0,1,1,NA,NA,1,NA,NA,1,NA,NA,1,NA,NA,0,0,NA,NA,1,NA,NA,1,1,0,NA,1,NA,1,NA,NA,0,NA,1,1,NA,0,0,1,1,NA,0,1,NA,0,NA,NA,NA,0,NA,0,0,1
"1,155146019,1,T/C",0,1,NA,1,NA,1,NA,0,NA,1,NA,NA,NA,1,1,NA,1,NA,1,NA,NA,1,NA,NA,1,1,1,NA,NA,NA,1,1,NA,NA,1,1,1,1,1,1,NA,NA,NA,NA,0,NA,1,1,1,NA,1,0,NA,NA,NA,NA,NA,0,NA,NA
"1,155148583,1,T/C",0,1,NA,1,NA,1,NA,0,NA,NA,NA,NA,NA,NA,1,1,1,NA,NA,NA,NA,1,NA,NA,0,NA,NA,1,1,NA,1,NA,1,1,1,1,1,1,NA,1,NA,1,NA,1,0,NA,1,NA,NA,1,1,0,NA,0,NA,NA,NA,0,0,NA
"1,156935966,1,T/G",0,NA,NA,NA,NA,NA,0,NA,NA,NA,0,NA,1,NA,NA,NA,0,NA,NA,0,NA,NA,0,NA,NA,NA,NA,0,NA,0,NA,0,NA,NA,NA,0,0,NA,NA,NA,NA,0,NA,0,NA,NA,1,1,NA,NA,NA,NA,NA,NA,NA,1,0,1,1,NA